{
  "project_info": {
    "project_number": "213171693929",
    "project_id": "photodada2022",
    "storage_bucket": "photodada2022.appspot.com"
  },
  "client": [
    {
      "client_info": {
        "mobilesdk_app_id": "1:213171693929:android:934bcb81e2607c644275f8",
        "android_client_info": {
          "package_name": "com.flutterflow.photodada2022"
        }
      },
      "oauth_client": [
        {
          "client_id": "213171693929-5o4hmtp93j86sutu2qf27css6tp3vav1.apps.googleusercontent.com",
          "client_type": 1,
          "android_info": {
            "package_name": "com.flutterflow.photodada2022",
            "certificate_hash": "9bbb3186b2189ef16d8f272bdab59362c395cbb4"
          }
        },
        {
          "client_id": "213171693929-ktnhfi8u3ga8m6g35q34a3e17a1n3jsh.apps.googleusercontent.com",
          "client_type": 3
        }
      ],
      "api_key": [
        {
          "current_key": "AIzaSyCSfL2g9cOLi_DTs6LFq3wmCc0faW1vyro"
        }
      ],
      "services": {
        "appinvite_service": {
          "other_platform_oauth_client": [
            {
              "client_id": "213171693929-ktnhfi8u3ga8m6g35q34a3e17a1n3jsh.apps.googleusercontent.com",
              "client_type": 3
            },
            {
              "client_id": "213171693929-f5lkvt8scmh6am6glv6e9e9cfuhnjtif.apps.googleusercontent.com",
              "client_type": 2,
              "ios_info": {
                "bundle_id": "com.flutterflow.photodada2022"
              }
            }
          ]
        }
      }
    }
  ],
  "configuration_version": "1"
}